Site,Sample Label,age_model_depth (m),age_model (y BP),age_model_sigma_plus(y BP),age_model_sigma_minus(y BP),upper_97.5_percent(y BP),lower_97.5_percent(y BP),age_flag,age_model_note,age_model_collection,quality control
PS2498-1,,0.21,5165.27587890625,,,5425.75,4896.75,3,Age model from Repschlaeger et al. (2021),"BACON.IntCal13 14C AMS, manual alignment, bacon, pdv",1
PS2498-1,,0.22,5330.77197265625,,,5678.4912109375,4999.4912109375,3,Age model from Repschlaeger et al. (2021),"BACON.IntCal13 14C AMS, manual alignment, bacon, pdv",1
PS2498-1,,0.23,5496.275390625,,,6046.83251953125,5066.83251953125,3,Age model from Repschlaeger et al. (2021),"BACON.IntCal13 14C AMS, manual alignment, bacon, pdv",1
PS2498-1,,0.24,5661.79833984375,,,6458.173828125,5095.173828125,3,Age model from Repschlaeger et al. (2021),"BACON.IntCal13 14C AMS, manual alignment, bacon, pdv",1
PS2498-1,,0.25,5827.31689453125,,,6874.51513671875,5127.51513671875,3,Age model from Repschlaeger et al. (2021),"BACON.IntCal13 14C AMS, manual alignment, bacon, pdv",1
PS2498-1,,0.26,5992.8037109375,,,7295.8564453125,5157.8564453125,3,Age model from Repschlaeger et al. (2021),"BACON.IntCal13 14C AMS, manual alignment, bacon, pdv",1
PS2498-1,,0.27,6143.80126953125,,,7358.0078125,5330.0078125,3,Age model from Repschlaeger et al. (2021),"BACON.IntCal13 14C AMS, manual alignment, bacon, pdv",1
PS2498-1,,0.28,6294.77978515625,,,7442.1064453125,5436.1064453125,3,Age model from Repschlaeger et al. (2021),"BACON.IntCal13 14C AMS, manual alignment, bacon, pdv",1
PS2498-1,,0.29,6445.75634765625,,,7540.20556640625,5535.20556640625,3,Age model from Repschlaeger et al. (2021),"BACON.IntCal13 14C AMS, manual alignment, bacon, pdv",1
PS2498-1,,0.3,6596.74267578125,,,7669.30419921875,5595.30419921875,3,Age model from Repschlaeger et al. (2021),"BACON.IntCal13 14C AMS, manual alignment, bacon, pdv",1
PS2498-1,,0.31,6747.73681640625,,,7832.4033203125,5663.4033203125,3,Age model from Repschlaeger et al. (2021),"BACON.IntCal13 14C AMS, manual alignment, bacon, pdv",1
PS2498-1,,0.32,6888.63232421875,,,7874.5263671875,5850.5263671875,3,Age model from Repschlaeger et al. (2021),"BACON.IntCal13 14C AMS, manual alignment, bacon, pdv",1
PS2498-1,,0.33,7029.53271484375,,,7918.46484375,6013.46484375,3,Age model from Repschlaeger et al. (2021),"BACON.IntCal13 14C AMS, manual alignment, bacon, pdv",1
PS2498-1,,0.34,7170.42919921875,,,7976.85009765625,6154.85009765625,3,Age model from Repschlaeger et al. (2021),"BACON.IntCal13 14C AMS, manual alignment, bacon, pdv",1
PS2498-1,,0.35,7311.30322265625,,,8051.23486328125,6264.23486328125,3,Age model from Repschlaeger et al. (2021),"BACON.IntCal13 14C AMS, manual alignment, bacon, pdv",1
PS2498-1,,0.36,7452.205078125,,,8186.61962890625,6339.61962890625,3,Age model from Repschlaeger et al. (2021),"BACON.IntCal13 14C AMS, manual alignment, bacon, pdv",1
PS2498-1,,0.37,7601.15380859375,,,8202.970703125,6706.970703125,3,Age model from Repschlaeger et al. (2021),"BACON.IntCal13 14C AMS, manual alignment, bacon, pdv",1
PS2498-1,,0.38,7750.10888671875,,,8236.740234375,7063.74072265625,3,Age model from Repschlaeger et al. (2021),"BACON.IntCal13 14C AMS, manual alignment, bacon, pdv",1
PS2498-1,,0.39,7899.0556640625,,,8254.0283203125,7419.0283203125,3,Age model from Repschlaeger et al. (2021),"BACON.IntCal13 14C AMS, manual alignment, bacon, pdv",1
PS2498-1,,0.4,8048.00830078125,,,8301.31640625,7748.31640625,3,Age model from Repschlaeger et al. (2021),"BACON.IntCal13 14C AMS, manual alignment, bacon, pdv",1
PS2498-1,,0.41,8196.9501953125,,,8373.603515625,7993.60400390625,3,Age model from Repschlaeger et al. (2021),"BACON.IntCal13 14C AMS, manual alignment, bacon, pdv",1
PS2498-1,,0.42,8334.0654296875,,,8621.865234375,8074.865234375,3,Age model from Repschlaeger et al. (2021),"BACON.IntCal13 14C AMS, manual alignment, bacon, pdv",1
PS2498-1,,0.43,8471.154296875,,,8934.126953125,8123.12646484375,3,Age model from Repschlaeger et al. (2021),"BACON.IntCal13 14C AMS, manual alignment, bacon, pdv",1
PS2498-1,,0.44,8608.2998046875,,,9269.388671875,8142.38818359375,3,Age model from Repschlaeger et al. (2021),"BACON.IntCal13 14C AMS, manual alignment, bacon, pdv",1
PS2498-1,,0.45,8745.3896484375,,,9602.6494140625,8187.6494140625,3,Age model from Repschlaeger et al. (2021),"BACON.IntCal13 14C AMS, manual alignment, bacon, pdv",1
PS2498-1,,0.46,8882.5283203125,,,9949.91015625,8197.91015625,3,Age model from Repschlaeger et al. (2021),"BACON.IntCal13 14C AMS, manual alignment, bacon, pdv",1
PS2498-1,,0.47,9019.8017578125,,,10023.9375,8330.9375,3,Age model from Repschlaeger et al. (2021),"BACON.IntCal13 14C AMS, manual alignment, bacon, pdv",1
PS2498-1,,0.48,9157.0595703125,,,10095.96484375,8407.96484375,3,Age model from Repschlaeger et al. (2021),"BACON.IntCal13 14C AMS, manual alignment, bacon, pdv",1
PS2498-1,,0.49,9294.3203125,,,10188.9921875,8476.9921875,3,Age model from Repschlaeger et al. (2021),"BACON.IntCal13 14C AMS, manual alignment, bacon, pdv",1
PS2498-1,,0.5,9431.5791015625,,,10311.01953125,8536.01953125,3,Age model from Repschlaeger et al. (2021),"BACON.IntCal13 14C AMS, manual alignment, bacon, pdv",1
PS2498-1,,0.51,9568.8486328125,,,10533.0458984375,8583.0458984375,3,Age model from Repschlaeger et al. (2021),"BACON.IntCal13 14C AMS, manual alignment, bacon, pdv",1
PS2498-1,,0.52,9704.8369140625,,,10578.1181640625,8785.1181640625,3,Age model from Repschlaeger et al. (2021),"BACON.IntCal13 14C AMS, manual alignment, bacon, pdv",1
PS2498-1,,0.53,9840.8291015625,,,10646.189453125,8928.189453125,3,Age model from Repschlaeger et al. (2021),"BACON.IntCal13 14C AMS, manual alignment, bacon, pdv",1
PS2498-1,,0.54,9976.8037109375,,,10730.26171875,9043.26171875,3,Age model from Repschlaeger et al. (2021),"BACON.IntCal13 14C AMS, manual alignment, bacon, pdv",1
PS2498-1,,0.55,10112.79296875,,,10832.333984375,9131.333984375,3,Age model from Repschlaeger et al. (2021),"BACON.IntCal13 14C AMS, manual alignment, bacon, pdv",1
PS2498-1,,0.56,10248.7646484375,,,10996.40625,9214.40625,3,Age model from Repschlaeger et al. (2021),"BACON.IntCal13 14C AMS, manual alignment, bacon, pdv",1
PS2498-1,,0.5700000000000001,10391.3134765625,,,11023.107421875,9551.107421875,3,Age model from Repschlaeger et al. (2021),"BACON.IntCal13 14C AMS, manual alignment, bacon, pdv",1
PS2498-1,,0.58,10533.8203125,,,11050.80859375,9880.80859375,3,Age model from Repschlaeger et al. (2021),"BACON.IntCal13 14C AMS, manual alignment, bacon, pdv",1
PS2498-1,,0.59,10676.328125,,,11087.509765625,10194.509765625,3,Age model from Repschlaeger et al. (2021),"BACON.IntCal13 14C AMS, manual alignment, bacon, pdv",1
PS2498-1,,0.6,10818.83984375,,,11147.2099609375,10487.2099609375,3,Age model from Repschlaeger et al. (2021),"BACON.IntCal13 14C AMS, manual alignment, bacon, pdv",1
PS2498-1,,0.61,10961.380859375,,,11228.9111328125,10680.9111328125,3,Age model from Repschlaeger et al. (2021),"BACON.IntCal13 14C AMS, manual alignment, bacon, pdv",1
PS2498-1,,0.62,11067.990234375,,,11371.2451171875,10747.2451171875,3,Age model from Repschlaeger et al. (2021),"BACON.IntCal13 14C AMS, manual alignment, bacon, pdv",1
PS2498-1,,0.63,11174.65625,,,11580.5791015625,10800.5791015625,3,Age model from Repschlaeger et al. (2021),"BACON.IntCal13 14C AMS, manual alignment, bacon, pdv",1
PS2498-1,,0.64,11281.28515625,,,11836.9130859375,10828.9130859375,3,Age model from Repschlaeger et al. (2021),"BACON.IntCal13 14C AMS, manual alignment, bacon, pdv",1
PS2498-1,,0.65,11387.9521484375,,,12102.2470703125,10875.2470703125,3,Age model from Repschlaeger et al. (2021),"BACON.IntCal13 14C AMS, manual alignment, bacon, pdv",1
PS2498-1,,0.66,11494.5673828125,,,12365.5810546875,10888.5810546875,3,Age model from Repschlaeger et al. (2021),"BACON.IntCal13 14C AMS, manual alignment, bacon, pdv",1
PS2498-1,,0.67,11596.224609375,,,12425.5458984375,10995.5458984375,3,Age model from Repschlaeger et al. (2021),"BACON.IntCal13 14C AMS, manual alignment, bacon, pdv",1
PS2498-1,,0.68,11697.8984375,,,12488.5107421875,11068.5107421875,3,Age model from Repschlaeger et al. (2021),"BACON.IntCal13 14C AMS, manual alignment, bacon, pdv",1
PS2498-1,,0.6900000000000001,11799.5302734375,,,12556.4755859375,11126.4755859375,3,Age model from Repschlaeger et al. (2021),"BACON.IntCal13 14C AMS, manual alignment, bacon, pdv",1
PS2498-1,,0.7000000000000001,11901.2001953125,,,12642.4404296875,11172.4404296875,3,Age model from Repschlaeger et al. (2021),"BACON.IntCal13 14C AMS, manual alignment, bacon, pdv",1
PS2498-1,,0.71,12002.8623046875,,,12768.4052734375,11206.4052734375,3,Age model from Repschlaeger et al. (2021),"BACON.IntCal13 14C AMS, manual alignment, bacon, pdv",1
PS2498-1,,0.72,12107.6328125,,,12806.7294921875,11388.7294921875,3,Age model from Repschlaeger et al. (2021),"BACON.IntCal13 14C AMS, manual alignment, bacon, pdv",1
PS2498-1,,0.73,12212.3896484375,,,12846.052734375,11513.052734375,3,Age model from Repschlaeger et al. (2021),"BACON.IntCal13 14C AMS, manual alignment, bacon, pdv",1
PS2498-1,,0.74,12317.1748046875,,,12898.376953125,11612.376953125,3,Age model from Repschlaeger et al. (2021),"BACON.IntCal13 14C AMS, manual alignment, bacon, pdv",1
PS2498-1,,0.75,12421.943359375,,,12966.7001953125,11676.7001953125,3,Age model from Repschlaeger et al. (2021),"BACON.IntCal13 14C AMS, manual alignment, bacon, pdv",1
PS2498-1,,0.76,12526.736328125,,,13063.0244140625,11728.0244140625,3,Age model from Repschlaeger et al. (2021),"BACON.IntCal13 14C AMS, manual alignment, bacon, pdv",1
PS2498-1,,0.77,12627.56640625,,,13097.7412109375,11982.7412109375,3,Age model from Repschlaeger et al. (2021),"BACON.IntCal13 14C AMS, manual alignment, bacon, pdv",1
PS2498-1,,0.78,12728.4453125,,,13119.4580078125,12226.4580078125,3,Age model from Repschlaeger et al. (2021),"BACON.IntCal13 14C AMS, manual alignment, bacon, pdv",1
PS2498-1,,0.79,12829.310546875,,,13137.1748046875,12459.1748046875,3,Age model from Repschlaeger et al. (2021),"BACON.IntCal13 14C AMS, manual alignment, bacon, pdv",1
PS2498-1,,0.8,12930.1474609375,,,13200.8916015625,12654.8916015625,3,Age model from Repschlaeger et al. (2021),"BACON.IntCal13 14C AMS, manual alignment, bacon, pdv",1
PS2498-1,,0.81,13031.04296875,,,13279.6083984375,12799.6083984375,3,Age model from Repschlaeger et al. (2021),"BACON.IntCal13 14C AMS, manual alignment, bacon, pdv",1
PS2498-1,,0.8200000000000001,13172.146484375,,,13447.556640625,12906.556640625,3,Age model from Repschlaeger et al. (2021),"BACON.IntCal13 14C AMS, manual alignment, bacon, pdv",1
PS2498-1,,0.8300000000000001,13313.23046875,,,13677.5048828125,12960.5048828125,3,Age model from Repschlaeger et al. (2021),"BACON.IntCal13 14C AMS, manual alignment, bacon, pdv",1
PS2498-1,,0.84,13454.33984375,,,13955.4521484375,13001.4521484375,3,Age model from Repschlaeger et al. (2021),"BACON.IntCal13 14C AMS, manual alignment, bacon, pdv",1
PS2498-1,,0.85,13595.4248046875,,,14248.400390625,13031.400390625,3,Age model from Repschlaeger et al. (2021),"BACON.IntCal13 14C AMS, manual alignment, bacon, pdv",1
PS2498-1,,0.86,13736.5234375,,,14550.3486328125,13064.3486328125,3,Age model from Repschlaeger et al. (2021),"BACON.IntCal13 14C AMS, manual alignment, bacon, pdv",1
PS2498-1,,0.87,13882.5263671875,,,14602.86328125,13322.86328125,3,Age model from Repschlaeger et al. (2021),"BACON.IntCal13 14C AMS, manual alignment, bacon, pdv",1
PS2498-1,,0.88,14028.51171875,,,14661.3779296875,13544.3779296875,3,Age model from Repschlaeger et al. (2021),"BACON.IntCal13 14C AMS, manual alignment, bacon, pdv",1
PS2498-1,,0.89,14174.55859375,,,14730.892578125,13739.892578125,3,Age model from Repschlaeger et al. (2021),"BACON.IntCal13 14C AMS, manual alignment, bacon, pdv",1
PS2498-1,,0.9,14320.546875,,,14832.4072265625,13904.4072265625,3,Age model from Repschlaeger et al. (2021),"BACON.IntCal13 14C AMS, manual alignment, bacon, pdv",1
PS2498-1,,0.91,14466.517578125,,,14979.921875,14050.921875,3,Age model from Repschlaeger et al. (2021),"BACON.IntCal13 14C AMS, manual alignment, bacon, pdv",1
PS2498-1,,0.92,14572.9326171875,,,15088.046875,14133.046875,3,Age model from Repschlaeger et al. (2021),"BACON.IntCal13 14C AMS, manual alignment, bacon, pdv",1
PS2498-1,,0.93,14679.34375,,,15227.1708984375,14189.1708984375,3,Age model from Repschlaeger et al. (2021),"BACON.IntCal13 14C AMS, manual alignment, bacon, pdv",1
PS2498-1,,0.94,14785.7421875,,,15419.2958984375,14216.2958984375,3,Age model from Repschlaeger et al. (2021),"BACON.IntCal13 14C AMS, manual alignment, bacon, pdv",1
PS2498-1,,0.95,14892.14453125,,,15656.419921875,14263.419921875,3,Age model from Repschlaeger et al. (2021),"BACON.IntCal13 14C AMS, manual alignment, bacon, pdv",1
PS2498-1,,0.96,14998.5390625,,,15908.544921875,14283.544921875,3,Age model from Repschlaeger et al. (2021),"BACON.IntCal13 14C AMS, manual alignment, bacon, pdv",1
PS2498-1,,0.97,15104.044921875,,,15950.92578125,14397.92578125,3,Age model from Repschlaeger et al. (2021),"BACON.IntCal13 14C AMS, manual alignment, bacon, pdv",1
PS2498-1,,0.98,15209.529296875,,,16017.306640625,14473.306640625,3,Age model from Repschlaeger et al. (2021),"BACON.IntCal13 14C AMS, manual alignment, bacon, pdv",1
PS2498-1,,0.99,15315.0048828125,,,16096.6884765625,14537.6884765625,3,Age model from Repschlaeger et al. (2021),"BACON.IntCal13 14C AMS, manual alignment, bacon, pdv",1
PS2498-1,,1.0,15420.5390625,,,16207.0693359375,14580.0693359375,3,Age model from Repschlaeger et al. (2021),"BACON.IntCal13 14C AMS, manual alignment, bacon, pdv",1
PS2498-1,,1.01,15526.0302734375,,,16373.4501953125,14630.4501953125,3,Age model from Repschlaeger et al. (2021),"BACON.IntCal13 14C AMS, manual alignment, bacon, pdv",1
PS2498-1,,1.02,15627.5302734375,,,16419.13671875,14779.1376953125,3,Age model from Repschlaeger et al. (2021),"BACON.IntCal13 14C AMS, manual alignment, bacon, pdv",1
PS2498-1,,1.03,15729.064453125,,,16467.82421875,14893.82421875,3,Age model from Repschlaeger et al. (2021),"BACON.IntCal13 14C AMS, manual alignment, bacon, pdv",1
PS2498-1,,1.04,15830.583984375,,,16533.51171875,14977.51171875,3,Age model from Repschlaeger et al. (2021),"BACON.IntCal13 14C AMS, manual alignment, bacon, pdv",1
PS2498-1,,1.05,15932.0771484375,,,16618.19921875,15056.1982421875,3,Age model from Repschlaeger et al. (2021),"BACON.IntCal13 14C AMS, manual alignment, bacon, pdv",1
PS2498-1,,1.06,16033.619140625,,,16742.88671875,15118.8857421875,3,Age model from Repschlaeger et al. (2021),"BACON.IntCal13 14C AMS, manual alignment, bacon, pdv",1
PS2498-1,,1.07,16143.4267578125,,,16774.17578125,15394.17578125,3,Age model from Repschlaeger et al. (2021),"BACON.IntCal13 14C AMS, manual alignment, bacon, pdv",1
PS2498-1,,1.08,16253.2138671875,,,16816.46484375,15638.4658203125,3,Age model from Repschlaeger et al. (2021),"BACON.IntCal13 14C AMS, manual alignment, bacon, pdv",1
PS2498-1,,1.09,16363.009765625,,,16861.755859375,15851.755859375,3,Age model from Repschlaeger et al. (2021),"BACON.IntCal13 14C AMS, manual alignment, bacon, pdv",1
PS2498-1,,1.1,16472.828125,,,16919.046875,16016.0458984375,3,Age model from Repschlaeger et al. (2021),"BACON.IntCal13 14C AMS, manual alignment, bacon, pdv",1
PS2498-1,,1.11,16582.623046875,,,17033.3359375,16105.3359375,3,Age model from Repschlaeger et al. (2021),"BACON.IntCal13 14C AMS, manual alignment, bacon, pdv",1
PS2498-1,,1.12,16718.177734375,,,17222.21484375,16219.2158203125,3,Age model from Repschlaeger et al. (2021),"BACON.IntCal13 14C AMS, manual alignment, bacon, pdv",1
PS2498-1,,1.13,16853.783203125,,,17517.09765625,16295.0966796875,3,Age model from Repschlaeger et al. (2021),"BACON.IntCal13 14C AMS, manual alignment, bacon, pdv",1
PS2498-1,,1.14,16989.3515625,,,17863.9765625,16337.9765625,3,Age model from Repschlaeger et al. (2021),"BACON.IntCal13 14C AMS, manual alignment, bacon, pdv",1
PS2498-1,,1.15,17124.93359375,,,18214.857421875,16392.857421875,3,Age model from Repschlaeger et al. (2021),"BACON.IntCal13 14C AMS, manual alignment, bacon, pdv",1
PS2498-1,,1.16,17260.5078125,,,18578.73828125,16419.73828125,3,Age model from Repschlaeger et al. (2021),"BACON.IntCal13 14C AMS, manual alignment, bacon, pdv",1
PS2498-1,,1.17,17397.677734375,,,18687.96484375,16556.96484375,3,Age model from Repschlaeger et al. (2021),"BACON.IntCal13 14C AMS, manual alignment, bacon, pdv",1
PS2498-1,,1.18,17534.869140625,,,18815.189453125,16636.189453125,3,Age model from Repschlaeger et al. (2021),"BACON.IntCal13 14C AMS, manual alignment, bacon, pdv",1
PS2498-1,,1.19,17672.029296875,,,18995.416015625,16702.416015625,3,Age model from Repschlaeger et al. (2021),"BACON.IntCal13 14C AMS, manual alignment, bacon, pdv",1
PS2498-1,,1.2,17809.19921875,,,19222.640625,16766.640625,3,Age model from Repschlaeger et al. (2021),"BACON.IntCal13 14C AMS, manual alignment, bacon, pdv",1
PS2498-1,,1.21,17946.341796875,,,19430.8671875,16827.8671875,3,Age model from Repschlaeger et al. (2021),"BACON.IntCal13 14C AMS, manual alignment, bacon, pdv",1
PS2498-1,,1.22,18079.322265625,,,19526.69140625,16951.69140625,3,Age model from Repschlaeger et al. (2021),"BACON.IntCal13 14C AMS, manual alignment, bacon, pdv",1
PS2498-1,,1.23,18212.29296875,,,19622.513671875,17050.513671875,3,Age model from Repschlaeger et al. (2021),"BACON.IntCal13 14C AMS, manual alignment, bacon, pdv",1
PS2498-1,,1.24,18345.177734375,,,19759.3359375,17133.3359375,3,Age model from Repschlaeger et al. (2021),"BACON.IntCal13 14C AMS, manual alignment, bacon, pdv",1
PS2498-1,,1.25,18478.140625,,,19933.16015625,17200.16015625,3,Age model from Repschlaeger et al. (2021),"BACON.IntCal13 14C AMS, manual alignment, bacon, pdv",1
PS2498-1,,1.26,18611.05859375,,,20166.982421875,17263.982421875,3,Age model from Repschlaeger et al. (2021),"BACON.IntCal13 14C AMS, manual alignment, bacon, pdv",1
PS2498-1,,1.27,18744.6640625,,,20220.7265625,17418.7265625,3,Age model from Repschlaeger et al. (2021),"BACON.IntCal13 14C AMS, manual alignment, bacon, pdv",1
PS2498-1,,1.28,18878.228515625,,,20310.47265625,17539.47265625,3,Age model from Repschlaeger et al. (2021),"BACON.IntCal13 14C AMS, manual alignment, bacon, pdv",1
PS2498-1,,1.29,19011.81640625,,,20453.21484375,17640.21484375,3,Age model from Repschlaeger et al. (2021),"BACON.IntCal13 14C AMS, manual alignment, bacon, pdv",1
PS2498-1,,1.3,19145.4375,,,20605.9609375,17718.9609375,3,Age model from Repschlaeger et al. (2021),"BACON.IntCal13 14C AMS, manual alignment, bacon, pdv",1
PS2498-1,,1.31,19279.021484375,,,20793.705078125,17794.705078125,3,Age model from Repschlaeger et al. (2021),"BACON.IntCal13 14C AMS, manual alignment, bacon, pdv",1
PS2498-1,,1.32,19414.50390625,,,20866.94140625,17988.94140625,3,Age model from Repschlaeger et al. (2021),"BACON.IntCal13 14C AMS, manual alignment, bacon, pdv",1
PS2498-1,,1.33,19549.943359375,,,20934.17578125,18160.17578125,3,Age model from Repschlaeger et al. (2021),"BACON.IntCal13 14C AMS, manual alignment, bacon, pdv",1
PS2498-1,,1.34,19685.423828125,,,21024.41015625,18304.41015625,3,Age model from Repschlaeger et al. (2021),"BACON.IntCal13 14C AMS, manual alignment, bacon, pdv",1
PS2498-1,,1.35,19820.84765625,,,21136.646484375,18412.646484375,3,Age model from Repschlaeger et al. (2021),"BACON.IntCal13 14C AMS, manual alignment, bacon, pdv",1
PS2498-1,,1.36,19956.35546875,,,21296.8828125,18490.8828125,3,Age model from Repschlaeger et al. (2021),"BACON.IntCal13 14C AMS, manual alignment, bacon, pdv",1
PS2498-1,,1.37,20083.09765625,,,21351.5703125,18710.5703125,3,Age model from Repschlaeger et al. (2021),"BACON.IntCal13 14C AMS, manual alignment, bacon, pdv",1
PS2498-1,,1.38,20209.81640625,,,21406.255859375,18900.255859375,3,Age model from Repschlaeger et al. (2021),"BACON.IntCal13 14C AMS, manual alignment, bacon, pdv",1
PS2498-1,,1.39,20336.572265625,,,21482.943359375,19016.943359375,3,Age model from Repschlaeger et al. (2021),"BACON.IntCal13 14C AMS, manual alignment, bacon, pdv",1
PS2498-1,,1.4,20463.314453125,,,21578.62890625,19121.62890625,3,Age model from Repschlaeger et al. (2021),"BACON.IntCal13 14C AMS, manual alignment, bacon, pdv",1
PS2498-1,,1.41,20590.095703125,,,21719.31640625,19206.31640625,3,Age model from Repschlaeger et al. (2021),"BACON.IntCal13 14C AMS, manual alignment, bacon, pdv",1
PS2498-1,,1.42,20718.779296875,,,21750.1875,19463.1875,3,Age model from Repschlaeger et al. (2021),"BACON.IntCal13 14C AMS, manual alignment, bacon, pdv",1
PS2498-1,,1.43,20847.41015625,,,21804.0546875,19671.0546875,3,Age model from Repschlaeger et al. (2021),"BACON.IntCal13 14C AMS, manual alignment, bacon, pdv",1
PS2498-1,,1.44,20976.025390625,,,21847.923828125,19812.923828125,3,Age model from Repschlaeger et al. (2021),"BACON.IntCal13 14C AMS, manual alignment, bacon, pdv",1
PS2498-1,,1.45,21104.625,,,21924.79296875,19943.79296875,3,Age model from Repschlaeger et al. (2021),"BACON.IntCal13 14C AMS, manual alignment, bacon, pdv",1
PS2498-1,,1.46,21233.265625,,,22034.662109375,20054.662109375,3,Age model from Repschlaeger et al. (2021),"BACON.IntCal13 14C AMS, manual alignment, bacon, pdv",1
PS2498-1,,1.47,21360.140625,,,22069.84375,20371.84375,3,Age model from Repschlaeger et al. (2021),"BACON.IntCal13 14C AMS, manual alignment, bacon, pdv",1
PS2498-1,,1.48,21486.96484375,,,22114.0234375,20671.0234375,3,Age model from Repschlaeger et al. (2021),"BACON.IntCal13 14C AMS, manual alignment, bacon, pdv",1
PS2498-1,,1.49,21613.81640625,,,22153.205078125,20954.205078125,3,Age model from Repschlaeger et al. (2021),"BACON.IntCal13 14C AMS, manual alignment, bacon, pdv",1
PS2498-1,,1.5,21740.68359375,,,22219.38671875,21181.38671875,3,Age model from Repschlaeger et al. (2021),"BACON.IntCal13 14C AMS, manual alignment, bacon, pdv",1
PS2498-1,,1.51,21867.591796875,,,22325.56640625,21340.56640625,3,Age model from Repschlaeger et al. (2021),"BACON.IntCal13 14C AMS, manual alignment, bacon, pdv",1
PS2498-1,,1.52,21999.048828125,,,22479.236328125,21461.236328125,3,Age model from Repschlaeger et al. (2021),"BACON.IntCal13 14C AMS, manual alignment, bacon, pdv",1
PS2498-1,,1.53,22130.568359375,,,22724.90625,21521.90625,3,Age model from Repschlaeger et al. (2021),"BACON.IntCal13 14C AMS, manual alignment, bacon, pdv",1
PS2498-1,,1.54,22262.0390625,,,23012.57421875,21586.57421875,3,Age model from Repschlaeger et al. (2021),"BACON.IntCal13 14C AMS, manual alignment, bacon, pdv",1
PS2498-1,,1.55,22393.630859375,,,23332.2421875,21633.2421875,3,Age model from Repschlaeger et al. (2021),"BACON.IntCal13 14C AMS, manual alignment, bacon, pdv",1
PS2498-1,,1.56,22525.078125,,,23663.912109375,21665.912109375,3,Age model from Repschlaeger et al. (2021),"BACON.IntCal13 14C AMS, manual alignment, bacon, pdv",1
PS2498-1,,1.57,22653.77734375,,,23760.66015625,21800.66015625,3,Age model from Repschlaeger et al. (2021),"BACON.IntCal13 14C AMS, manual alignment, bacon, pdv",1
PS2498-1,,1.58,22782.44140625,,,23889.41015625,21889.41015625,3,Age model from Repschlaeger et al. (2021),"BACON.IntCal13 14C AMS, manual alignment, bacon, pdv",1
PS2498-1,,1.59,22911.130859375,,,24040.158203125,21956.158203125,3,Age model from Repschlaeger et al. (2021),"BACON.IntCal13 14C AMS, manual alignment, bacon, pdv",1
PS2498-1,,1.6,23039.859375,,,24240.908203125,22003.908203125,3,Age model from Repschlaeger et al. (2021),"BACON.IntCal13 14C AMS, manual alignment, bacon, pdv",1
PS2498-1,,1.61,23168.51171875,,,24462.65625,22052.65625,3,Age model from Repschlaeger et al. (2021),"BACON.IntCal13 14C AMS, manual alignment, bacon, pdv",1
PS2498-1,,1.62,23303.63671875,,,24545.18359375,22218.18359375,3,Age model from Repschlaeger et al. (2021),"BACON.IntCal13 14C AMS, manual alignment, bacon, pdv",1
PS2498-1,,1.63,23438.814453125,,,24647.7109375,22350.7109375,3,Age model from Repschlaeger et al. (2021),"BACON.IntCal13 14C AMS, manual alignment, bacon, pdv",1
PS2498-1,,1.64,23574.072265625,,,24777.240234375,22433.240234375,3,Age model from Repschlaeger et al. (2021),"BACON.IntCal13 14C AMS, manual alignment, bacon, pdv",1
PS2498-1,,1.65,23709.244140625,,,24939.767578125,22509.767578125,3,Age model from Repschlaeger et al. (2021),"BACON.IntCal13 14C AMS, manual alignment, bacon, pdv",1
PS2498-1,,1.66,23844.35546875,,,25147.294921875,22568.294921875,3,Age model from Repschlaeger et al. (2021),"BACON.IntCal13 14C AMS, manual alignment, bacon, pdv",1
PS2498-1,,1.67,23969.208984375,,,25211.787109375,22743.787109375,3,Age model from Repschlaeger et al. (2021),"BACON.IntCal13 14C AMS, manual alignment, bacon, pdv",1
PS2498-1,,1.68,24094.0859375,,,25280.279296875,22871.279296875,3,Age model from Repschlaeger et al. (2021),"BACON.IntCal13 14C AMS, manual alignment, bacon, pdv",1
PS2498-1,,1.69,24218.837890625,,,25360.771484375,22976.771484375,3,Age model from Repschlaeger et al. (2021),"BACON.IntCal13 14C AMS, manual alignment, bacon, pdv",1
PS2498-1,,1.7,24343.734375,,,25469.263671875,23063.263671875,3,Age model from Repschlaeger et al. (2021),"BACON.IntCal13 14C AMS, manual alignment, bacon, pdv",1
PS2498-1,,1.71,24468.5546875,,,25604.755859375,23137.755859375,3,Age model from Repschlaeger et al. (2021),"BACON.IntCal13 14C AMS, manual alignment, bacon, pdv",1
PS2498-1,,1.72,24604.455078125,,,25664.501953125,23383.501953125,3,Age model from Repschlaeger et al. (2021),"BACON.IntCal13 14C AMS, manual alignment, bacon, pdv",1
PS2498-1,,1.73,24740.26171875,,,25724.24609375,23582.24609375,3,Age model from Repschlaeger et al. (2021),"BACON.IntCal13 14C AMS, manual alignment, bacon, pdv",1
PS2498-1,,1.74,24876.189453125,,,25799.9921875,23711.9921875,3,Age model from Repschlaeger et al. (2021),"BACON.IntCal13 14C AMS, manual alignment, bacon, pdv",1
PS2498-1,,1.75,25012.099609375,,,25891.736328125,23828.736328125,3,Age model from Repschlaeger et al. (2021),"BACON.IntCal13 14C AMS, manual alignment, bacon, pdv",1
PS2498-1,,1.76,25147.984375,,,26033.482421875,23939.482421875,3,Age model from Repschlaeger et al. (2021),"BACON.IntCal13 14C AMS, manual alignment, bacon, pdv",1
PS2498-1,,1.77,25279.724609375,,,26071.9765625,24242.9765625,3,Age model from Repschlaeger et al. (2021),"BACON.IntCal13 14C AMS, manual alignment, bacon, pdv",1
PS2498-1,,1.78,25411.48046875,,,26124.470703125,24516.470703125,3,Age model from Repschlaeger et al. (2021),"BACON.IntCal13 14C AMS, manual alignment, bacon, pdv",1
PS2498-1,,1.79,25543.28125,,,26187.96484375,24778.96484375,3,Age model from Repschlaeger et al. (2021),"BACON.IntCal13 14C AMS, manual alignment, bacon, pdv",1
PS2498-1,,1.8,25675.009765625,,,26258.458984375,24976.458984375,3,Age model from Repschlaeger et al. (2021),"BACON.IntCal13 14C AMS, manual alignment, bacon, pdv",1
PS2498-1,,1.81,25806.76171875,,,26358.953125,25123.953125,3,Age model from Repschlaeger et al. (2021),"BACON.IntCal13 14C AMS, manual alignment, bacon, pdv",1
PS2498-1,,1.82,25871.251953125,,,26415.248046875,25198.248046875,3,Age model from Repschlaeger et al. (2021),"BACON.IntCal13 14C AMS, manual alignment, bacon, pdv",1
PS2498-1,,1.83,25935.6796875,,,26506.54296875,25247.54296875,3,Age model from Repschlaeger et al. (2021),"BACON.IntCal13 14C AMS, manual alignment, bacon, pdv",1
PS2498-1,,1.84,26000.236328125,,,26612.837890625,25287.837890625,3,Age model from Repschlaeger et al. (2021),"BACON.IntCal13 14C AMS, manual alignment, bacon, pdv",1
PS2498-1,,1.85,26064.673828125,,,26742.1328125,25330.1328125,3,Age model from Repschlaeger et al. (2021),"BACON.IntCal13 14C AMS, manual alignment, bacon, pdv",1
PS2498-1,,1.86,26129.1328125,,,26878.427734375,25370.427734375,3,Age model from Repschlaeger et al. (2021),"BACON.IntCal13 14C AMS, manual alignment, bacon, pdv",1
PS2498-1,,1.87,26192.78125,,,26946.66796875,25440.66796875,3,Age model from Repschlaeger et al. (2021),"BACON.IntCal13 14C AMS, manual alignment, bacon, pdv",1
PS2498-1,,1.88,26256.525390625,,,27006.91015625,25503.91015625,3,Age model from Repschlaeger et al. (2021),"BACON.IntCal13 14C AMS, manual alignment, bacon, pdv",1
PS2498-1,,1.89,26320.150390625,,,27096.150390625,25547.150390625,3,Age model from Repschlaeger et al. (2021),"BACON.IntCal13 14C AMS, manual alignment, bacon, pdv",1
PS2498-1,,1.9,26383.78515625,,,27197.392578125,25588.392578125,3,Age model from Repschlaeger et al. (2021),"BACON.IntCal13 14C AMS, manual alignment, bacon, pdv",1
PS2498-1,,1.91,26447.447265625,,,27317.6328125,25628.6328125,3,Age model from Repschlaeger et al. (2021),"BACON.IntCal13 14C AMS, manual alignment, bacon, pdv",1
PS2498-1,,1.92,26509.37109375,,,27371.890625,25709.890625,3,Age model from Repschlaeger et al. (2021),"BACON.IntCal13 14C AMS, manual alignment, bacon, pdv",1
PS2498-1,,1.93,26571.359375,,,27426.1484375,25776.1484375,3,Age model from Repschlaeger et al. (2021),"BACON.IntCal13 14C AMS, manual alignment, bacon, pdv",1
PS2498-1,,1.94,26633.318359375,,,27499.40625,25836.40625,3,Age model from Repschlaeger et al. (2021),"BACON.IntCal13 14C AMS, manual alignment, bacon, pdv",1
PS2498-1,,1.95,26695.271484375,,,27594.6640625,25883.6640625,3,Age model from Repschlaeger et al. (2021),"BACON.IntCal13 14C AMS, manual alignment, bacon, pdv",1
PS2498-1,,1.96,26757.177734375,,,27694.921875,25922.921875,3,Age model from Repschlaeger et al. (2021),"BACON.IntCal13 14C AMS, manual alignment, bacon, pdv",1
PS2498-1,,1.97,26819.53125,,,27750.685546875,26015.685546875,3,Age model from Repschlaeger et al. (2021),"BACON.IntCal13 14C AMS, manual alignment, bacon, pdv",1
PS2498-1,,1.98,26881.857421875,,,27804.451171875,26085.451171875,3,Age model from Repschlaeger et al. (2021),"BACON.IntCal13 14C AMS, manual alignment, bacon, pdv",1
PS2498-1,,1.99,26944.216796875,,,27869.21484375,26150.21484375,3,Age model from Repschlaeger et al. (2021),"BACON.IntCal13 14C AMS, manual alignment, bacon, pdv",1
PS2498-1,,2.0,27006.5234375,,,27954.98046875,26193.98046875,3,Age model from Repschlaeger et al. (2021),"BACON.IntCal13 14C AMS, manual alignment, bacon, pdv",1
PS2498-1,,2.01,27068.93359375,,,28032.744140625,26242.744140625,3,Age model from Repschlaeger et al. (2021),"BACON.IntCal13 14C AMS, manual alignment, bacon, pdv",1
PS2498-1,,2.02,27132.482421875,,,28088.154296875,26329.154296875,3,Age model from Repschlaeger et al. (2021),"BACON.IntCal13 14C AMS, manual alignment, bacon, pdv",1
PS2498-1,,2.03,27196.05078125,,,28142.564453125,26402.564453125,3,Age model from Repschlaeger et al. (2021),"BACON.IntCal13 14C AMS, manual alignment, bacon, pdv",1
PS2498-1,,2.04,27259.630859375,,,28198.9765625,26460.9765625,3,Age model from Repschlaeger et al. (2021),"BACON.IntCal13 14C AMS, manual alignment, bacon, pdv",1
PS2498-1,,2.05,27323.158203125,,,28287.38671875,26506.38671875,3,Age model from Repschlaeger et al. (2021),"BACON.IntCal13 14C AMS, manual alignment, bacon, pdv",1
PS2498-1,,2.06,27386.8203125,,,28356.796875,26560.796875,3,Age model from Repschlaeger et al. (2021),"BACON.IntCal13 14C AMS, manual alignment, bacon, pdv",1
PS2498-1,,2.07,27449.458984375,,,28413.623046875,26648.623046875,3,Age model from Repschlaeger et al. (2021),"BACON.IntCal13 14C AMS, manual alignment, bacon, pdv",1
PS2498-1,,2.08,27512.103515625,,,28477.44921875,26716.44921875,3,Age model from Repschlaeger et al. (2021),"BACON.IntCal13 14C AMS, manual alignment, bacon, pdv",1
PS2498-1,,2.09,27574.72265625,,,28523.275390625,26775.275390625,3,Age model from Repschlaeger et al. (2021),"BACON.IntCal13 14C AMS, manual alignment, bacon, pdv",1
PS2498-1,,2.1,27637.361328125,,,28593.1015625,26830.1015625,3,Age model from Repschlaeger et al. (2021),"BACON.IntCal13 14C AMS, manual alignment, bacon, pdv",1
PS2498-1,,2.11,27700.009765625,,,28676.927734375,26877.927734375,3,Age model from Repschlaeger et al. (2021),"BACON.IntCal13 14C AMS, manual alignment, bacon, pdv",1
PS2498-1,,2.12,27777.771484375,,,28757.513671875,26960.513671875,3,Age model from Repschlaeger et al. (2021),"BACON.IntCal13 14C AMS, manual alignment, bacon, pdv",1
PS2498-1,,2.13,27855.55859375,,,28844.09765625,27030.09765625,3,Age model from Repschlaeger et al. (2021),"BACON.IntCal13 14C AMS, manual alignment, bacon, pdv",1
PS2498-1,,2.14,27933.37890625,,,28952.68359375,27089.68359375,3,Age model from Repschlaeger et al. (2021),"BACON.IntCal13 14C AMS, manual alignment, bacon, pdv",1
PS2498-1,,2.15,28011.119140625,,,29069.267578125,27131.267578125,3,Age model from Repschlaeger et al. (2021),"BACON.IntCal13 14C AMS, manual alignment, bacon, pdv",1
PS2498-1,,2.16,28088.984375,,,29214.853515625,27164.853515625,3,Age model from Repschlaeger et al. (2021),"BACON.IntCal13 14C AMS, manual alignment, bacon, pdv",1
PS2498-1,,2.17,28166.931640625,,,29294.65234375,27253.65234375,3,Age model from Repschlaeger et al. (2021),"BACON.IntCal13 14C AMS, manual alignment, bacon, pdv",1
PS2498-1,,2.18,28244.787109375,,,29371.451171875,27321.451171875,3,Age model from Repschlaeger et al. (2021),"BACON.IntCal13 14C AMS, manual alignment, bacon, pdv",1
PS2498-1,,2.19,28322.755859375,,,29484.251953125,27386.251953125,3,Age model from Repschlaeger et al. (2021),"BACON.IntCal13 14C AMS, manual alignment, bacon, pdv",1
PS2498-1,,2.2,28400.703125,,,29607.05078125,27423.05078125,3,Age model from Repschlaeger et al. (2021),"BACON.IntCal13 14C AMS, manual alignment, bacon, pdv",1
PS2498-1,,2.21,28478.5390625,,,29733.849609375,27452.849609375,3,Age model from Repschlaeger et al. (2021),"BACON.IntCal13 14C AMS, manual alignment, bacon, pdv",1
PS2498-1,,2.22,28555.572265625,,,29793.38671875,27538.38671875,3,Age model from Repschlaeger et al. (2021),"BACON.IntCal13 14C AMS, manual alignment, bacon, pdv",1
PS2498-1,,2.23,28632.587890625,,,29882.92578125,27607.92578125,3,Age model from Repschlaeger et al. (2021),"BACON.IntCal13 14C AMS, manual alignment, bacon, pdv",1
PS2498-1,,2.24,28709.564453125,,,29967.462890625,27657.462890625,3,Age model from Repschlaeger et al. (2021),"BACON.IntCal13 14C AMS, manual alignment, bacon, pdv",1
PS2498-1,,2.25,28786.583984375,,,30081.001953125,27709.001953125,3,Age model from Repschlaeger et al. (2021),"BACON.IntCal13 14C AMS, manual alignment, bacon, pdv",1
PS2498-1,,2.26,28863.623046875,,,30213.5390625,27757.5390625,3,Age model from Repschlaeger et al. (2021),"BACON.IntCal13 14C AMS, manual alignment, bacon, pdv",1
PS2498-1,,2.27,28943.51171875,,,30280.591796875,27836.591796875,3,Age model from Repschlaeger et al. (2021),"BACON.IntCal13 14C AMS, manual alignment, bacon, pdv",1
PS2498-1,,2.28,29023.412109375,,,30353.64453125,27916.64453125,3,Age model from Repschlaeger et al. (2021),"BACON.IntCal13 14C AMS, manual alignment, bacon, pdv",1
PS2498-1,,2.29,29103.265625,,,30437.697265625,27981.697265625,3,Age model from Repschlaeger et al. (2021),"BACON.IntCal13 14C AMS, manual alignment, bacon, pdv",1
PS2498-1,,2.3000000000000003,29183.169921875,,,30549.75,28036.75,3,Age model from Repschlaeger et al. (2021),"BACON.IntCal13 14C AMS, manual alignment, bacon, pdv",1
PS2498-1,,2.31,29262.982421875,,,30680.802734375,28087.802734375,3,Age model from Repschlaeger et al. (2021),"BACON.IntCal13 14C AMS, manual alignment, bacon, pdv",1
PS2498-1,,2.32,29343.861328125,,,30749.240234375,28183.240234375,3,Age model from Repschlaeger et al. (2021),"BACON.IntCal13 14C AMS, manual alignment, bacon, pdv",1
PS2498-1,,2.33,29424.833984375,,,30810.677734375,28261.677734375,3,Age model from Repschlaeger et al. (2021),"BACON.IntCal13 14C AMS, manual alignment, bacon, pdv",1
PS2498-1,,2.34,29505.69140625,,,30897.11328125,28318.11328125,3,Age model from Repschlaeger et al. (2021),"BACON.IntCal13 14C AMS, manual alignment, bacon, pdv",1
PS2498-1,,2.35,29586.5,,,30996.55078125,28370.55078125,3,Age model from Repschlaeger et al. (2021),"BACON.IntCal13 14C AMS, manual alignment, bacon, pdv",1
PS2498-1,,2.36,29667.46875,,,31105.98828125,28424.98828125,3,Age model from Repschlaeger et al. (2021),"BACON.IntCal13 14C AMS, manual alignment, bacon, pdv",1
PS2498-1,,2.37,29745.384765625,,,31171.201171875,28517.201171875,3,Age model from Repschlaeger et al. (2021),"BACON.IntCal13 14C AMS, manual alignment, bacon, pdv",1
PS2498-1,,2.38,29823.21484375,,,31246.412109375,28591.412109375,3,Age model from Repschlaeger et al. (2021),"BACON.IntCal13 14C AMS, manual alignment, bacon, pdv",1
PS2498-1,,2.39,29901.052734375,,,31327.625,28662.625,3,Age model from Repschlaeger et al. (2021),"BACON.IntCal13 14C AMS, manual alignment, bacon, pdv",1
PS2498-1,,2.4,29978.94921875,,,31422.8359375,28712.8359375,3,Age model from Repschlaeger et al. (2021),"BACON.IntCal13 14C AMS, manual alignment, bacon, pdv",1
PS2498-1,,2.41,30056.8515625,,,31530.048828125,28762.048828125,3,Age model from Repschlaeger et al. (2021),"BACON.IntCal13 14C AMS, manual alignment, bacon, pdv",1
PS2498-1,,2.42,30135.1640625,,,31574.666015625,28857.666015625,3,Age model from Repschlaeger et al. (2021),"BACON.IntCal13 14C AMS, manual alignment, bacon, pdv",1
PS2498-1,,2.43,30213.509765625,,,31645.28515625,28930.28515625,3,Age model from Repschlaeger et al. (2021),"BACON.IntCal13 14C AMS, manual alignment, bacon, pdv",1
PS2498-1,,2.44,30291.794921875,,,31713.90234375,29002.90234375,3,Age model from Repschlaeger et al. (2021),"BACON.IntCal13 14C AMS, manual alignment, bacon, pdv",1
PS2498-1,,2.45,30370.091796875,,,31811.521484375,29068.521484375,3,Age model from Repschlaeger et al. (2021),"BACON.IntCal13 14C AMS, manual alignment, bacon, pdv",1
PS2498-1,,2.46,30448.46484375,,,31910.138671875,29124.138671875,3,Age model from Repschlaeger et al. (2021),"BACON.IntCal13 14C AMS, manual alignment, bacon, pdv",1
PS2498-1,,2.47,30525.294921875,,,31965.927734375,29217.927734375,3,Age model from Repschlaeger et al. (2021),"BACON.IntCal13 14C AMS, manual alignment, bacon, pdv",1
PS2498-1,,2.48,30602.150390625,,,32040.716796875,29290.716796875,3,Age model from Repschlaeger et al. (2021),"BACON.IntCal13 14C AMS, manual alignment, bacon, pdv",1
PS2498-1,,2.49,30679.009765625,,,32119.505859375,29361.505859375,3,Age model from Repschlaeger et al. (2021),"BACON.IntCal13 14C AMS, manual alignment, bacon, pdv",1
PS2498-1,,2.5,30755.837890625,,,32207.294921875,29416.294921875,3,Age model from Repschlaeger et al. (2021),"BACON.IntCal13 14C AMS, manual alignment, bacon, pdv",1
PS2498-1,,2.51,30832.78125,,,32315.083984375,29477.083984375,3,Age model from Repschlaeger et al. (2021),"BACON.IntCal13 14C AMS, manual alignment, bacon, pdv",1
PS2498-1,,2.52,30910.994140625,,,32373.146484375,29586.146484375,3,Age model from Repschlaeger et al. (2021),"BACON.IntCal13 14C AMS, manual alignment, bacon, pdv",1
PS2498-1,,2.53,30989.26171875,,,32439.208984375,29679.208984375,3,Age model from Repschlaeger et al. (2021),"BACON.IntCal13 14C AMS, manual alignment, bacon, pdv",1
PS2498-1,,2.54,31067.517578125,,,32519.2734375,29752.2734375,3,Age model from Repschlaeger et al. (2021),"BACON.IntCal13 14C AMS, manual alignment, bacon, pdv",1
PS2498-1,,2.5500000000000003,31145.8359375,,,32596.3359375,29829.3359375,3,Age model from Repschlaeger et al. (2021),"BACON.IntCal13 14C AMS, manual alignment, bacon, pdv",1
PS2498-1,,2.56,31224.14453125,,,32695.3984375,29887.3984375,3,Age model from Repschlaeger et al. (2021),"BACON.IntCal13 14C AMS, manual alignment, bacon, pdv",1
PS2498-1,,2.57,31304.509765625,,,32745.412109375,29986.412109375,3,Age model from Repschlaeger et al. (2021),"BACON.IntCal13 14C AMS, manual alignment, bacon, pdv",1
PS2498-1,,2.58,31384.7734375,,,32811.42578125,30079.42578125,3,Age model from Repschlaeger et al. (2021),"BACON.IntCal13 14C AMS, manual alignment, bacon, pdv",1
PS2498-1,,2.59,31465.078125,,,32885.44140625,30159.44140625,3,Age model from Repschlaeger et al. (2021),"BACON.IntCal13 14C AMS, manual alignment, bacon, pdv",1
PS2498-1,,2.6,31545.416015625,,,32982.453125,30234.455078125,3,Age model from Repschlaeger et al. (2021),"BACON.IntCal13 14C AMS, manual alignment, bacon, pdv",1
PS2498-1,,2.61,31625.7421875,,,33084.46875,30297.46875,3,Age model from Repschlaeger et al. (2021),"BACON.IntCal13 14C AMS, manual alignment, bacon, pdv",1
PS2498-1,,2.62,31704.62109375,,,33132.7265625,30404.724609375,3,Age model from Repschlaeger et al. (2021),"BACON.IntCal13 14C AMS, manual alignment, bacon, pdv",1
PS2498-1,,2.63,31783.5390625,,,33190.33984375,30498.33984375,3,Age model from Repschlaeger et al. (2021),"BACON.IntCal13 14C AMS, manual alignment, bacon, pdv",1
PS2498-1,,2.64,31862.369140625,,,33267.95703125,30588.95703125,3,Age model from Repschlaeger et al. (2021),"BACON.IntCal13 14C AMS, manual alignment, bacon, pdv",1
PS2498-1,,2.65,31941.267578125,,,33345.5703125,30671.572265625,3,Age model from Repschlaeger et al. (2021),"BACON.IntCal13 14C AMS, manual alignment, bacon, pdv",1
PS2498-1,,2.66,32020.076171875,,,33445.1875,30731.1875,3,Age model from Repschlaeger et al. (2021),"BACON.IntCal13 14C AMS, manual alignment, bacon, pdv",1
PS2498-1,,2.67,32100.408203125,,,33502.046875,30861.046875,3,Age model from Repschlaeger et al. (2021),"BACON.IntCal13 14C AMS, manual alignment, bacon, pdv",1
PS2498-1,,2.68,32180.6484375,,,33558.90625,30958.90625,3,Age model from Repschlaeger et al. (2021),"BACON.IntCal13 14C AMS, manual alignment, bacon, pdv",1
PS2498-1,,2.69,32260.93359375,,,33633.765625,31056.763671875,3,Age model from Repschlaeger et al. (2021),"BACON.IntCal13 14C AMS, manual alignment, bacon, pdv",1
PS2498-1,,2.7,32341.205078125,,,33700.1328125,31137.134765625,3,Age model from Repschlaeger et al. (2021),"BACON.IntCal13 14C AMS, manual alignment, bacon, pdv",1
